{
  "dataset": "C:\\Users\\user\\Downloads\\Hard hat workers.v6i.yolov5pytorch",
  "split": "test",
  "n_images": 88,
  "n_gt_helmet": 322,
  "iou_threshold": 0.5,
  "conf_threshold": 0.2,
  "device": "cpu",
  "gate_thresholds": {
    "brightness": 50.0,
    "contrast": 25.0,
    "noise": 999.0
  },
  "gate_stats": {
    "triggered": 1,
    "triggered_ratio": 0.011363636363636364,
    "triggered_ids_sample": [
      "000706_jpg.rf.eddc95fdfed50fd655b23efb4310b598"
    ],
    "brightness": {
      "mean": 139.87329334061195,
      "min": 58.657171122994654,
      "max": 213.91101503759398,
      "threshold": 50.0
    },
    "contrast": {
      "mean": 63.783006720647606,
      "min": 22.145443058419726,
      "max": 100.79464223901599,
      "threshold": 25.0
    },
    "noise": {
      "mean": 0.009848017926163844,
      "min": 0.0007910191197879612,
      "max": 0.05859706550836563,
      "threshold": 999.0
    }
  },
  "baseline": {
    "ap": 0.6380953122477213,
    "n_gt": 322,
    "n_pred": 274,
    "tp": 225,
    "fp": 49,
    "fn": 97,
    "precision": 0.8211678832116789,
    "recall": 0.6987577639751553,
    "f1": 0.7550335570469799,
    "conf_thr": 0.2,
    "latency_ms": {
      "mean": 12.777395453171762,
      "median": 11.456899985205382,
      "p95": 16.945784972631373,
      "min": 9.483000030741096,
      "max": 79.10770003218204
    }
  },
  "gated": {
    "ap": 0.6385027703599022,
    "n_gt": 322,
    "n_pred": 274,
    "tp": 225,
    "fp": 49,
    "fn": 97,
    "precision": 0.8211678832116789,
    "recall": 0.6987577639751553,
    "f1": 0.7550335570469799,
    "conf_thr": 0.2,
    "latency_ms": {
      "mean": 12.851805680177428,
      "median": 11.47854997543618,
      "p95": 16.945784972631373,
      "min": 9.483000030741096,
      "max": 79.10770003218204
    }
  },
  "forced": {
    "ap": 0.5158126966284118,
    "n_gt": 322,
    "n_pred": 279,
    "tp": 199,
    "fp": 80,
    "fn": 123,
    "precision": 0.7132616487455197,
    "recall": 0.6180124223602484,
    "f1": 0.6622296173044925,
    "conf_thr": 0.2,
    "latency_ms": {
      "mean": 19.602295455776833,
      "median": 17.664749990217388,
      "p95": 30.16359998728146,
      "min": 12.146900000516325,
      "max": 52.871700027026236
    },
    "enhance_only_ms": {
      "mean": 8.260172726295423,
      "median": 6.865349976578727,
      "p95": 16.221299968310632,
      "min": 2.612599986605346,
      "max": 42.54230001242831
    }
  },
  "delta": {
    "gated_vs_baseline_ap": 0.0004074581121809029,
    "forced_vs_baseline_ap": -0.12228261561930953,
    "forced_vs_gated_ap": -0.12269007373149043
  }
}