{
  "dataset": "C:\\Users\\user\\Downloads\\Hard hat workers.v6i.yolov5pytorch",
  "split": "test",
  "n_images": 88,
  "n_gt_helmet": 322,
  "gammas": [
    1.0,
    1.5,
    2.5,
    4.0
  ],
  "gate": {
    "brightness": 60.0,
    "contrast": 30.0,
    "noise": 999.0
  },
  "results": {
    "gamma_1.0": {
      "gamma": 1.0,
      "darkened_brightness_mean": 139.87329334061195,
      "triggered": 1,
      "baseline": {
        "ap": 0.6380953122477213,
        "n_gt": 322,
        "n_pred": 274,
        "tp": 225,
        "fp": 49,
        "fn": 97,
        "precision": 0.8211678832116789,
        "recall": 0.6987577639751553,
        "f1": 0.7550335570469799,
        "latency_ms_mean": 13.118251136885108
      },
      "gated": {
        "ap": 0.6385027703599022,
        "n_gt": 322,
        "n_pred": 274,
        "tp": 225,
        "fp": 49,
        "fn": 97,
        "precision": 0.8211678832116789,
        "recall": 0.6987577639751553,
        "f1": 0.7550335570469799,
        "latency_ms_mean": 13.181760227863295
      },
      "forced": {
        "ap": 0.5158126966284118,
        "n_gt": 322,
        "n_pred": 279,
        "tp": 199,
        "fp": 80,
        "fn": 123,
        "precision": 0.7132616487455197,
        "recall": 0.6180124223602484,
        "f1": 0.6622296173044925,
        "latency_ms_mean": 20.811578411667142
      }
    },
    "gamma_1.5": {
      "gamma": 1.5,
      "darkened_brightness_mean": 114.8712601335711,
      "triggered": 5,
      "baseline": {
        "ap": 0.6309878892084421,
        "n_gt": 322,
        "n_pred": 274,
        "tp": 223,
        "fp": 51,
        "fn": 99,
        "precision": 0.8138686131386861,
        "recall": 0.6925465838509317,
        "f1": 0.7483221476510067,
        "latency_ms_mean": 11.845631818604572
      },
      "gated": {
        "ap": 0.631487095825767,
        "n_gt": 322,
        "n_pred": 274,
        "tp": 223,
        "fp": 51,
        "fn": 99,
        "precision": 0.8138686131386861,
        "recall": 0.6925465838509317,
        "f1": 0.7483221476510067,
        "latency_ms_mean": 12.437885228295768
      },
      "forced": {
        "ap": 0.5859662457028415,
        "n_gt": 322,
        "n_pred": 283,
        "tp": 215,
        "fp": 68,
        "fn": 107,
        "precision": 0.7597173144876325,
        "recall": 0.6677018633540373,
        "f1": 0.7107438016528925,
        "latency_ms_mean": 20.303000006110366
      }
    },
    "gamma_2.5": {
      "gamma": 2.5,
      "darkened_brightness_mean": 86.74374010553683,
      "triggered": 25,
      "baseline": {
        "ap": 0.6083673202486097,
        "n_gt": 322,
        "n_pred": 269,
        "tp": 219,
        "fp": 50,
        "fn": 103,
        "precision": 0.8141263940520446,
        "recall": 0.6801242236024845,
        "f1": 0.7411167512690355,
        "latency_ms_mean": 12.06255568500968
      },
      "gated": {
        "ap": 0.6148891533233973,
        "n_gt": 322,
        "n_pred": 266,
        "tp": 219,
        "fp": 47,
        "fn": 103,
        "precision": 0.8233082706766918,
        "recall": 0.6801242236024845,
        "f1": 0.7448979591836734,
        "latency_ms_mean": 14.52544545463752
      },
      "forced": {
        "ap": 0.6439654114057487,
        "n_gt": 322,
        "n_pred": 280,
        "tp": 227,
        "fp": 53,
        "fn": 95,
        "precision": 0.8107142857142857,
        "recall": 0.7049689440993789,
        "f1": 0.7541528239202658,
        "latency_ms_mean": 21.00808863244972
      }
    },
    "gamma_4.0": {
      "gamma": 4.0,
      "darkened_brightness_mean": 65.9041258086782,
      "triggered": 47,
      "baseline": {
        "ap": 0.5272963595444891,
        "n_gt": 322,
        "n_pred": 245,
        "tp": 191,
        "fp": 54,
        "fn": 131,
        "precision": 0.7795918367346939,
        "recall": 0.593167701863354,
        "f1": 0.673721340388007,
        "latency_ms_mean": 14.947217047103385
      },
      "gated": {
        "ap": 0.5689527054715895,
        "n_gt": 322,
        "n_pred": 250,
        "tp": 202,
        "fp": 48,
        "fn": 120,
        "precision": 0.808,
        "recall": 0.6273291925465838,
        "f1": 0.7062937062937064,
        "latency_ms_mean": 20.853455683126494
      },
      "forced": {
        "ap": 0.6026843118277248,
        "n_gt": 322,
        "n_pred": 264,
        "tp": 213,
        "fp": 51,
        "fn": 109,
        "precision": 0.8068181818181818,
        "recall": 0.6614906832298136,
        "f1": 0.726962457337884,
        "latency_ms_mean": 25.482670457594477
      }
    }
  }
}